playernm_full,playernm_first,playernm_last,pos,team,numberfire_id,cbssports_id,espn_id,fantasypros_id,foxsports_id,rotogrinders_id,rotowire_id,rotoguru_id,footballguys_id"Aaron Rodgers (QB, GB)",Aaron,Rodgers,QB, GB,10,419780,8439,9001,4822,11601,4307,1252,Aaron Rodgers"Ryan Tannehill (QB, MIA)",Ryan,Tannehill,QB, MIA,4461,1273654,14876,11174,5025,13557,8040,1410,Ryan Tannehill"Drew Brees (QB, NO)",Drew,Brees,QB, NO,5,235197,2580,9200,4787,11605,2178,1151,Drew Brees"Philip Rivers (QB, SD)",Philip,Rivers,QB, SD,4,493041,5529,9509,4863,11603,3766,1231,Philip Rivers"Matthew Stafford (QB, DET)",Matthew,Stafford,QB, DET,46,1114942,12483,9451,4955,11613,5971,1340,Matthew Stafford"Tom Brady (QB, NE)",Tom,Brady,QB, NE,2,187741,2330,9603,4785,11604,1350,1131,Tom Brady"Matt Ryan (QB, ATL)",Matt,Ryan,QB, ATL,14,420095,11237,9444,4835,11614,5610,1301,Matt Ryan"Peyton Manning (QB, DEN)",Peyton,Manning,QB, DEN,3,12531,1428,9507,4781,11849,902,1081,Peyton Manning"Andrew Luck (QB, IND)",Andrew,Luck,QB, IND,4457,1631912,14874,11172,5153,13555,7237,1409,Andrew Luck"Tony Romo (QB, DAL)",Tony,Romo,QB, DAL,8,396886,5209,9609,4857,11618,3153,1233,Tony Romo"Sam Bradford (QB, PHI)",Sam,Bradford,QB, PHI,2215,1123599,13197,9678,4993,11617,6452,1344,Sam Bradford"Carson Palmer (QB, ARI)",Carson,Palmer,QB, ARI,16,396173,4459,9098,4816,11851,3014,1207,Carson Palmer"Eddie Lacy (RB, GB)",Eddie,Lacy,RB, GB,52102,1691422,15848,11636,5288,16535,8620,2896,Eddie Lacy"Russell Wilson (QB, SEA)",Russell,Wilson,QB, SEA,4481,1272242,14881,11180,5087,13560,8043,1412,Russell Wilson"Cam Newton (QB, CAR)",Cam,Newton,QB, CAR,4311,1273186,13994,9869,5024,11630,7257,1378,Cam Newton"DeMarco Murray (RB, PHI)",DeMarco,Murray,RB, PHI,4332,1123691,14005,9896,4992,11738,7359,2831,DeMarco Murray"Jamaal Charles (RB, KC)",Jamaal,Charles,RB, KC,204,564952,11307,9258,4937,11667,5663,2629,Jamaal Charles"Marshawn Lynch (RB, SEA)",Marshawn,Lynch,RB, SEA,245,504639,10456,9428,4902,11707,5202,2552,Marshawn Lynch"Jay Cutler (QB, CHI)",Jay,Cutler,QB, CHI,37,409102,9597,9280,4799,11606,4783,1263,Jay Cutler"Eli Manning (QB, NYG)",Eli,Manning,QB, NYG,11,493004,5526,9213,4861,11611,3763,1225,Eli Manning"Joe Flacco (QB, BAL)",Joe,Flacco,QB, BAL,15,1250697,11252,9300,4837,11610,5648,1302,Joe Flacco"Colin Kaepernick (QB, SF)",Colin,Kaepernick,QB, SF,4320,1130583,14001,9891,4957,11640,7353,1404,Colin Kaepernick"Andy Dalton (QB, CIN)",Andy,Dalton,QB, CIN,4319,1125961,14012,9907,4949,11633,7355,1403,Andy Dalton"Matt Forte (RB, CHI)",Matt,Forte,RB, CHI,247,559687,11278,9437,4893,11675,5662,2613,Matt Forte"Marcus Mariota (QB, TEN)",Marcus,Mariota,QB, TEN,52775,1880862,17610,13890,5542,21686,10074,1466,Marcus Mariota"Teddy Bridgewater (QB, MIN)",Teddy,Bridgewater,QB, MIN,52433,1825122,16728,12088,5472,18114,9245,1439,Teddy Bridgewater"Ben Roethlisberger (QB, PIT)",Ben,Roethlisberger,QB, PIT,9,493043,5536,9039,4864,11615,3764,1232,Ben Roethlisberger"Adrian Peterson (RB, MIN)",Adrian,Peterson,RB, MIN,212,517568,10452,9006,4892,11669,5215,2553,Adrian Peterson"Jameis Winston (QB, TB)",Jameis,Winston,QB, TB,52774,1998197,17399,13891,5544,21745,10037,1465,Jameis Winston"Odell Beckham (WR, NYG)",Odell,Beckham,WR, NYG,52424,1824823,16733,12127,5467,18222,9255,5323,Odell Beckham Jr"Randall Cobb (WR, GB)",Randall,Cobb,WR, GB,4330,1632091,14053,9902,5201,12905,7256,5125,Randall Cobb"Calvin Johnson (WR, DET)",Calvin,Johnson,WR, DET,590,502629,10447,9094,4888,12198,5189,3677,Calvin Johnson"Josh McCown (QB, CLE)",Josh,McCown,QB, CLE,78,302085,3609,9327,4790,11880,2513,1175,Josh McCown"Antonio Brown (WR, PIT)",Antonio,Brown,WR, PIT,1480,1272852,13934,9808,5107,12322,6454,3474,Antonio Brown"Jeremy Hill (RB, CIN)",Jeremy,Hill,RB, CIN,52421,1984260,16803,12102,5516,18042,9350,2928,Jeremy Hill"C.J. Anderson (RB, DEN)",C.J.,Anderson,RB, DEN,52346,1880820,16040,11896,5500,16963,8931,2924,C.J. Anderson"A.J. Green (WR, CIN)",A.J.,Green,WR, CIN,4312,1673207,13983,9857,5135,12897,7241,5091,A.J. Green"Lesean McCoy (RB, BUF)",Lesean,McCoy,RB, BUF,237,1243187,12514,9398,5054,11671,5970,2707,LeSean McCoy"Kirk Cousins (QB, WSH)",Kirk,Cousins,QB, WSH,4490,1272574,14880,11177,5100,13563,8057,1415,Kirk Cousins"Alex Smith (QB, KC)",Alex,Smith,QB, KC,30,552642,8416,9012,4840,11608,4306,1254,Alex Smith"Rob Gronkowski (TE, NE)",Rob,Gronkowski,TE, NE,2188,1244303,13229,9721,5026,11791,6443,4494,Rob Gronkowski"Demaryius Thomas (WR, DEN)",Demaryius,Thomas,WR, DEN,2165,1114965,13216,9691,5010,12324,6440,3997,Demaryius Thomas"Dez Bryant (WR, DAL)",Dez,Bryant,WR, DAL,2162,1272524,13215,9681,5048,12189,6336,3891,Dez Bryant"Tyrod Taylor (QB, BUF)",Tyrod,Taylor,QB, BUF,4371,1243338,14163,10007,5068,11656,7357,1400,Tyrod Taylor"Ryan Fitzpatrick (QB, NYJ)",Ryan,Fitzpatrick,QB, NYJ,35,547043,8664,9545,4803,11626,4385,1242,Ryan Fitzpatrick"Chris Ivory (RB, NYJ)",Chris,Ivory,RB, NYJ,3118,1272286,13587,9749,5009,11990,6833,2741,Chris Ivory"Mike Evans (WR, TB)",Mike,Evans,WR, TB,52418,1824909,16737,12119,5480,18287,9253,5253,Mike Evans"Alshon Jeffery (WR, CHI)",Alshon,Jeffery,WR, CHI,4471,1686006,14912,11199,5270,13584,8029,5153,Alshon Jeffery"Julio Jones (WR, ATL)",Julio,Jones,WR, ATL,4313,1623794,13982,9867,5132,12896,7242,5089,Julio Jones"Lamar Miller (RB, MIA)",Lamar,Miller,RB, MIA,4488,1691169,14886,11185,5295,13567,8008,2859,Lamar Miller"Justin Forsett (RB, BAL)",Justin,Forsett,RB, BAL,219,520386,11467,9335,4901,11708,5669,2642,Justin Forsett"Jonathan Stewart (RB, CAR)",Jonathan,Stewart,RB, CAR,207,565654,11247,9317,4922,11712,5578,2612,Jonathan Stewart"Blake Bortles (QB, JAC)",Blake,Bortles,QB, JAC,52431,1749727,16724,12090,5453,18186,9277,1442,Blake Bortles"Derek Carr (QB, OAK)",Derek,Carr,QB, OAK,52444,1664819,16757,12092,5237,18330,9317,1441,Derek Carr"Nick Foles (QB, STL)",Nick,Foles,QB, STL,4485,1631750,14877,11176,5098,13561,8066,1413,Nick Foles"Jordan Matthews (WR, PHI)",Jordan,Matthews,WR, PHI,52426,1759816,16763,12124,5416,18238,9273,5254,Jordan Matthews"Brandin Cooks (WR, NO)",Brandin,Cooks,WR, NO,52427,1880880,16731,12122,5503,18281,9260,5255,Brandin Cooks"Jimmy Graham (TE, SEA)",Jimmy,Graham,TE, SEA,3129,1691166,13232,9712,4920,11793,6532,4492,Jimmy Graham"Alfred Morris (RB, WSH)",Alfred,Morris,RB, WSH,4511,1254119,15009,11347,5039,13576,8089,2871,Alfred Morris"Rashad Jennings (RB, NYG)",Rashad,Jennings,RB, NYG,1093,1251717,12503,9520,4900,11950,6007,2658,Rashad Jennings"Andre Ellington (RB, ARI)",Andre,Ellington,RB, ARI,52207,1630220,15893,11662,5169,16554,8757,2892,Andre Ellington"Carlos Hyde (RB, SF)",Carlos,Hyde,RB, SF,52432,1751883,16777,12105,5382,18387,9516,2933,Carlos Hyde"Brian Hoyer (QB, HOU)",Brian,Hoyer,QB, HOU,1133,517243,12477,9078,4881,14073,6140,1336,Brian Hoyer"Latavius Murray (RB, OAK)",Latavius,Murray,RB, OAK,52201,1637004,15920,11821,5207,18332,8772,2899,Latavius Murray"Melvin Gordon (RB, SD)",Melvin,Gordon,RB, SD,52788,1871347,17586,13903,5547,21773,10064,2991,Melvin Gordon"Doug Martin (RB, TB)",Doug,Martin,RB, TB,4466,1274369,14885,11186,5034,13565,8058,2858,Doug Martin"Mark Ingram (RB, NO)",Mark,Ingram,RB, NO,4318,1623793,13981,9872,5131,11706,7244,2793,Mark Ingram"Davante Adams (WR, GB)",Davante,Adams,WR, GB,52438,1893167,16800,12123,5510,18106,9455,5263,Davante Adams"T.Y. Hilton (WR, IND)",T.Y.,Hilton,WR, IND,4486,1673733,14924,11206,5208,13641,8098,5151,T.Y. Hilton"DeSean Jackson (WR, WSH)",DeSean,Jackson,WR, WSH,550,559554,11283,9186,4936,12207,5581,3770,DeSean Jackson"DeAndre Hopkins (WR, HOU)",DeAndre,Hopkins,WR, HOU,52070,1737078,15795,11606,5446,16563,8619,5206,DeAndre Hopkins"Anquan Boldin (WR, SF)",Anquan,Boldin,WR, SF,568,395928,4512,9020,4818,12160,3074,3423,Anquan Boldin"T.J. Yeldon (RB, JAC)",T.J.,Yeldon,RB, JAC,52799,1984224,17678,13941,5554,21675,10056,2993,T.J. Yeldon"Golden Tate (WR, DET)",Golden,Tate,WR, DET,2210,1265470,13217,9683,5077,12738,6389,3995,Golden Tate"Julian Edelman (WR, NE)",Julian,Edelman,WR, NE,582,1674116,12649,9332,5007,12732,6141,3826,Julian Edelman"Joseph Randle (RB, DAL)",Joseph,Randle,RB, DAL,52178,1737645,16013,11637,5393,16547,8623,2900,Joseph Randle"Alfred Blue (RB, HOU)",Alfred,Blue,RB, HOU,52562,2129554,17134,12282,5354,18156,9360,2960,Alfred Blue"Larry Fitzgerald (WR, ARI)",Larry,Fitzgerald,WR, ARI,541,492934,5528,9383,4862,12162,3730,3501,Larry Fitzgerald"Steve Smith (WR, BAL)",Steve,Smith,WR, BAL,3245,235157,2622,9579,4788,12156,2263,3328,Steve Smith"Sammy Watkins (WR, BUF)",Sammy,Watkins,WR, BUF,52419,1850743,16725,12118,5485,18124,9249,5252,Sammy Watkins"Emmanuel Sanders (WR, DEN)",Emmanuel,Sanders,WR, DEN,2205,564943,13295,9707,4967,12326,6523,3983,Emmanuel Sanders"Greg Olsen (TE, CAR)",Greg,Olsen,TE, CAR,915,502524,10475,9238,4855,11819,5206,4368,Greg Olsen"Roddy White (WR, ATL)",Roddy,White,WR, ATL,565,523103,8442,9539,4809,12158,4350,3571,Roddy White"Jeremy Maclin (WR, KC)",Jeremy,Maclin,WR, KC,561,1123324,12579,9289,4999,12163,5960,3830,Jeremy Maclin"Travis Kelce (TE, KC)",Travis,Kelce,TE, KC,52104,1725130,15847,11594,5120,18314,8783,4582,Travis Kelce"Joique Bell (RB, DET)",Joique,Bell,RB, DET,2960,1662348,13536,9799,5309,12110,6489,2719,Joique Bell"Isaiah Crowell (RB, CLE)",Isaiah,Crowell,RB, CLE,52560,2130148,17133,12116,5495,18055,9535,2969,Isaiah Crowell"Jarvis Landry (WR, MIA)",Jarvis,Landry,WR, MIA,52450,1824833,16790,12128,5468,18126,9454,5335,Jarvis Landry"Brandon Marshall (WR, NYJ)",Brandon,Marshall,WR, NYJ,554,426135,9705,9064,4815,12192,4879,3627,Brandon Marshall"Frank Gore (RB, IND)",Frank,Gore,RB, IND,220,411568,8479,9218,4798,11670,4400,2467,Frank Gore"Andre Johnson (WR, IND)",Andre,Johnson,WR, IND,543,396162,4461,9016,4817,12206,3028,3437,Andre Johnson"Mike Wallace (WR, MIN)",Mike,Wallace,WR, MIN,546,559250,12601,9479,5015,12183,6110,3809,Mike Wallace"Tevin Coleman (RB, ATL)",Tevin,Coleman,RB, ATL,52785,2001839,17689,13926,5571,21723,10081,2994,Tevin Coleman"Michael Floyd (WR, ARI)",Michael,Floyd,WR, ARI,4462,1633109,14908,11198,5133,13582,8054,5148,Michael Floyd"Ameer Abdullah (RB, DET)",Ameer,Abdullah,RB, DET,52787,1824308,17580,13924,5561,21604,10126,2995,Ameer Abdullah"Jason Witten (TE, DAL)",Jason,Witten,TE, DAL,887,396134,4527,9275,4819,11787,3086,4262,Jason Witten"Martellus Bennett (TE, CHI)",Martellus,Bennett,TE, CHI,924,564954,11295,9429,4942,11828,5709,4407,Martellus Bennett"Benny Cunningham (RB, STL)",Benny,Cunningham,RB, STL,52290,2058327,16055,11863,5248,16617,9062,2911,Benny Cunningham"Vincent Jackson (WR, TB)",Vincent,Jackson,WR, TB,532,541651,8475,9624,4847,12271,4414,3550,Vincent Jackson"Bishop Sankey (RB, TEN)",Bishop,Sankey,RB, TEN,52417,1884454,16794,12101,5504,18206,9518,2927,Bishop Sankey"Torrey Smith (WR, SF)",Torrey,Smith,WR, SF,4327,1242961,14032,9884,5067,12902,7251,5113,Torrey Smith"Keenan Allen (WR, SD)",Keenan,Allen,WR, SD,52114,1737096,15818,11616,5428,16569,8627,5198,Keenan Allen"DeAngelo Williams (RB, PIT)",DeAngelo,Williams,RB, PIT,209,423714,9613,9170,4839,11691,4838,2500,DeAngelo Williams"Allen Robinson (WR, JAC)",Allen,Robinson,WR, JAC,52430,1889923,16799,12126,5506,18179,9264,5258,Allen Robinson"Nelson Agholor (WR, PHI)",Nelson,Agholor,WR, PHI,52780,1996508,17668,13969,5549,21708,10132,5378,Nelson Agholor"Kendall Wright (WR, TEN)",Kendall,Wright,WR, TEN,4463,1632385,14909,11197,5147,13583,8091,5162,Kendall Wright"Charles Johnson (WR, MIN)",Charles,Johnson,WR, MIN,52233,2057693,15885,11840,5044,18551,8913,3103,Charles Johnson"Markus Wheaton (WR, PIT)",Markus,Wheaton,WR, PIT,52116,1679942,15873,11609,5243,16571,8796,5215,Markus Wheaton"Giovani Bernard (RB, CIN)",Giovani,Bernard,RB, CIN,52079,1737248,15826,11644,5386,16537,8622,2889,Giovani Bernard"Dwayne Bowe (WR, CLE)",Dwayne,Bowe,WR, CLE,579,406856,10467,9203,4850,12234,5278,3661,Dwayne Bowe"Marques Colston (WR, NO)",Marques,Colston,WR, NO,537,408644,9838,9427,4806,12185,4884,3602,Marques Colston"John Brown (WR, ARI)",John,Brown,WR, ARI,52449,2129438,16804,12231,5220,18357,9684,5264,John Brown"Brandon Bolden (RB, NE)",Brandon,Bolden,RB, NE,51833,1632301,15478,11410,5200,13620,8077,2874,Brandon Bolden"Amari Cooper (WR, OAK)",Amari,Cooper,WR, OAK,52784,1984220,17677,13894,5543,21757,10055,5376,Amari Cooper"Rueben Randle (WR, NYG)",Rueben,Randle,WR, NYG,4476,1679976,14911,11202,5247,13588,8049,5158,Rueben Randle"Eric Decker (WR, NYJ)",Eric,Decker,WR, NYJ,2166,584290,13271,9708,4933,12404,6505,3902,Eric Decker"Devin Funchess (WR, CAR)",Devin,Funchess,WR, CAR,52782,2001877,17682,13915,5556,21725,10138,5381,Devin Funchess"Ryan Mathews (RB, PHI)",Ryan,Mathews,RB, PHI,2208,1273854,13204,9687,5108,11698,6449,2754,Ryan Mathews"Doug Baldwin (WR, SEA)",Doug,Baldwin,WR, SEA,4456,1244486,14221,10992,5069,13090,7963,5136,Doug Baldwin"Eddie Royal (WR, CHI)",Eddie,Royal,WR, CHI,618,516510,11276,9208,4870,18339,5690,3748,Eddie Royal"Malcom Floyd (WR, SD)",Malcom,Floyd,WR, SD,548,493614,6016,9410,4874,12199,5080,3547,Malcom Floyd"Brian Hartline (WR, CLE)",Brian,Hartline,WR, CLE,560,563622,12568,9077,4929,12264,6114,3858,Brian Hartline"Danny Amendola (WR, NE)",Danny,Amendola,WR, NE,614,516968,11674,9146,4879,12184,5813,3851,Danny Amendola"Delanie Walker (TE, TEN)",Delanie,Walker,TE, TEN,1102,1109396,9761,9172,4844,11841,4888,4360,Delanie Walker"Percy Harvin (WR, BUF)",Percy,Harvin,WR, BUF,556,1114598,12569,9505,4980,12238,5974,3802,Percy Harvin"Kenny Stills (WR, MIA)",Kenny,Stills,WR, MIA,52171,1737295,16016,11611,5375,16577,8800,5212,Kenny Stills"David Johnson (RB, ARI)",David,Johnson,RB, ARI,52809,1760290,17442,9164,5558,11845,10148,4450,David Johnson"Terrance Williams (WR, DAL)",Terrance,Williams,WR, DAL,52113,1632384,15878,11627,5148,16568,8794,5216,Terrance Williams"Brian Quick (WR, STL)",Brian,Quick,WR, STL,4468,1687422,14914,11212,5046,13587,8095,5157,Brian Quick"Owen Daniels (TE, DEN)",Owen,Daniels,TE, DEN,896,409170,9684,9496,4796,11799,4898,4335,Owen Daniels"Charles Sims (RB, TB)",Charles,Sims,RB, TB,52441,1691483,16749,12104,5285,18290,9519,2931,Charles Sims"Jordan Reed (TE, WSH)",Jordan,Reed,TE, WSH,52122,1691412,15860,11690,5293,16587,8615,4573,Jordan Reed"Pierre Garcon (WR, WSH)",Pierre,Garcon,WR, WSH,576,583087,11439,9510,5071,12193,5703,3754,Pierre Garcon"Jerricho Cotchery (WR, CAR)",Jerricho,Cotchery,WR, CAR,552,492915,5633,9298,4868,12235,3850,3497,Jerricho Cotchery"James Jones (WR, GB)",James,Jones,WR, GB,587,431446,10522,9264,4843,12232,5391,3679,James Jones"Dwayne Allen (TE, IND)",Dwayne,Allen,TE, IND,4477,1630216,14901,11219,5171,13580,8041,4551,Dwayne Allen"Zach Ertz (TE, PHI)",Zach,Ertz,TE, PHI,52077,1685963,15835,11689,5263,16583,8781,4569,Zach Ertz"Jordan Cameron (TE, MIA)",Jordan,Cameron,TE, MIA,4340,1244459,14189,9946,5058,11840,7426,4533,Jordan Cameron"Darren Sproles (RB, PHI)",Darren,Sproles,RB, PHI,251,421419,8544,9155,4807,11703,4320,2484,Darren Sproles"Shane Vereen (RB, NYG)",Shane,Vereen,RB, NYG,4325,1273006,14017,9897,5089,11733,7250,2830,Shane Vereen"Marvin Jones (WR, CIN)",Marvin,Jones,WR, CIN,4507,1631804,15072,11215,5157,13592,8223,5168,Marvin Jones"James Starks (RB, GB)",James,Starks,RB, GB,3036,1123431,13214,9711,4913,11701,6487,2777,James Starks"Kenny Britt (WR, STL)",Kenny,Britt,WR, STL,566,1115016,12556,9353,5011,12709,5963,3824,Kenny Britt"Justin Hunter (WR, TEN)",Justin,Hunter,WR, TEN,52076,1737463,15845,11626,5370,16565,8618,5207,Justin Hunter"Greg Jennings (WR, MIA)",Greg,Jennings,WR, MIA,547,413737,9638,9235,4797,12154,4871,3587,Greg Jennings"Devonta Freeman (RB, ATL)",Devonta,Freeman,RB, ATL,52434,1824135,16944,12108,5474,18261,9326,2930,Devonta Freeman"James White (RB, NE)",James,White,RB, NE,52447,1759592,16913,12195,5423,18458,9524,2954,James White"Heath Miller (TE, PIT)",Heath,Miller,TE, PIT,891,416861,8444,9242,4795,11801,4430,4311,Heath Miller"Darren McFadden (RB, DAL)",Darren,McFadden,RB, DAL,249,565805,11238,9154,4914,11672,5579,2603,Darren McFadden"Matt Jones (RB, WSH)",Matt,Jones,RB, WSH,52790,2000854,17695,13947,5570,21717,10189,3552,Matt Jones"Brandon Coleman (WR, NO)",Brandon,Coleman,WR, NO,52813,1737368,17145,12202,5424,18275,9223,5326,Brandon Coleman"Allen Hurns (WR, JAC)",Allen,Hurns,WR, JAC,52492,2130337,17163,12996,5362,18182,9485,5341,Allen Hurns"Kamar Aiken (WR, BAL)",Kamar,Aiken,WR, BAL,52494,1853727,14583,11081,5075,18032,8000,5275,Kamar Aiken"Jermaine Kearse (WR, SEA)",Jermaine,Kearse,WR, SEA,51945,1631987,15428,11548,5146,13938,8100,5186,Jermaine Kearse"Charles Clay (TE, BUF)",Charles,Clay,TE, BUF,51469,1265552,14145,10003,5078,11833,7424,4543,Charles Clay"Vernon Davis (TE, SF)",Vernon,Davis,TE, SF,897,409254,9592,9621,4831,11786,4732,4323,Vernon Davis"Larry Donnell (TE, NYG)",Larry,Donnell,TE, NYG,52294,1995451,15707,11992,5095,16618,9114,4585,Larry Donnell"Andrew Quarless (TE, GB)",Andrew,Quarless,TE, GB,3046,1117622,13440,9815,5013,11842,6690,4518,Andrew Quarless"Danny Woodhead (RB, SD)",Danny,Woodhead,RB, SD,1131,1616817,11788,9148,5012,11702,5816,2689,Danny Woodhead"Garrett Graham (TE, HOU)",Garrett,Graham,TE, HOU,3053,565190,13371,9796,4939,12833,6534,4491,Garrett Graham"Tyler Eifert (TE, CIN)",Tyler,Eifert,TE, CIN,52064,1691608,15788,11692,5296,16536,8782,4568,Tyler Eifert"Austin Seferian-Jenkins (TE, TB)",Austin,Seferian-Jenkins,TE, TB,52428,1824731,16795,12145,5476,18288,9241,4602,Austin Seferian-Jenkins"Reggie Bush (RB, SF)",Reggie,Bush,RB, SF,256,407605,9588,9525,4828,11682,4749,2495,Reggie Bush"Cole Beasley (WR, DAL)",Cole,Beasley,WR, DAL,51933,1977145,15349,11459,5149,13639,8249,5163,Cole Beasley"Denard Robinson (RB, JAC)",Denard,Robinson,RB, JAC,52163,1700475,15951,11628,5314,16576,8803,2901,Denard Robinson"Richard Rodgers (TE, GB)",Richard,Rodgers,TE, GB,52490,2130257,16786,12233,5501,18108,9559,4629,Richard Rodgers"Jarius Wright (WR, MIN)",Jarius,Wright,WR, MIN,4497,1632252,14918,11211,5199,13638,8105,5188,Jarius Wright"Cecil Shorts (WR, HOU)",Cecil,Shorts,WR, HOU,4346,1823890,14184,9956,5432,18177,7389,5103,Cecil Shorts"Andrew Hawkins (WR, CLE)",Andrew,Hawkins,WR, CLE,51462,1803774,13958,11041,4904,13015,7989,5140,Andrew Hawkins"Ronnie Hillman (RB, DEN)",Ronnie,Hillman,RB, DEN,4478,1701008,14895,11289,5332,13568,8030,2856,Ronnie Hillman"Khiry Robinson (RB, NO)",Khiry,Robinson,RB, NO,52315,2062165,16530,11909,5528,16647,9059,2920,Khiry Robinson"Stedman Bailey (WR, STL)",Stedman,Bailey,WR, STL,52127,1664860,15822,11615,5343,16572,8616,5200,Stedman Bailey"Michael Crabtree (WR, OAK)",Michael,Crabtree,WR, OAK,606,1125838,12563,9460,4971,12231,5961,3872,Michael Crabtree"Coby Fleener (TE, IND)",Coby,Fleener,TE, IND,4469,1244492,14900,11220,5070,13577,8064,4552,Coby Fleener"Knile Davis (RB, KC)",Knile,Davis,RB, KC,52131,1664705,15832,11643,5232,16542,8600,2891,Knile Davis"Tre Mason (RB, STL)",Tre,Mason,RB, STL,52425,1824805,16784,12098,5475,18370,9291,2932,Tre Mason"Kyle Rudolph (TE, MIN)",Kyle,Rudolph,TE, MIN,4322,1633122,14054,9906,5216,11837,7246,4537,Kyle Rudolph"Dorial Green-Beckham (WR, TEN)",Dorial,Green-Beckham,WR, TEN,52796,1996129,17665,13904,5555,21676,10035,5382,Dorial Green-Beckham"Taylor Gabriel (WR, CLE)",Taylor,Gabriel,WR, CLE,52559,2132670,17177,12888,5531,18048,9864,5361,Taylor Gabriel"Mychal Rivera (TE, OAK)",Mychal,Rivera,TE, OAK,52204,1631841,15923,11700,5143,16603,8791,4574,Mychal Rivera"Steve Johnson (WR, SD)",Steve,Johnson,WR, SD,1240,1116922,11458,9577,5002,18459,5798,3737,Steve Johnson"Brent Celek (TE, PHI)",Brent,Celek,TE, PHI,888,408126,10605,9070,4853,11797,5403,4363,Brent Celek"Ka'Deem Carey (RB, CHI)",Ka'Deem,Carey,RB, CHI,52442,1824669,16942,12100,5477,18076,9356,2972,KaDeem Carey"Jared Cook (TE, STL)",Jared,Cook,TE, STL,1168,584314,12537,9265,4927,11810,5981,4437,Jared Cook"Jeff Janis (WR, GB)",Jeff,Janis,WR, GB,52646,2028397,17137,12318,5535,18102,9466,5351,Jeff Janis"Cameron Artis-Payne (RB, CAR)",Cameron,Artis-Payne,RB, CAR,52786,2061215,17704,13942,5605,21730,10187,2999,Cameron Artis-Payne"Chris Johnson (RB, ARI)",Chris,Johnson,RB, ARI,201,523490,11258,9123,4898,11673,5627,2645,Chris Johnson"Eric Ebron (TE, DET)",Eric,Ebron,TE, DET,52429,1865396,16732,12143,5494,18088,9210,4601,Eric Ebron"Mohamed Sanu (WR, CIN)",Mohamed,Sanu,WR, CIN,4483,1664646,14922,11200,5225,13586,8026,5159,Mohamed Sanu"Jeremy Kerley (WR, NYJ)",Jeremy,Kerley,WR, NYJ,4363,1273689,14151,9986,5074,12911,7392,5111,Jeremy Kerley"Ladarius Green (TE, SD)",Ladarius,Green,TE, SD,4494,1631427,14904,11221,5209,13578,8113,4562,Ladarius Green"Jeff Cumberland (TE, NYJ)",Jeff,Cumberland,TE, NYJ,3141,1115107,13555,11051,4994,12766,6838,4481,Jeff Cumberland"Damien Williams (RB, MIA)",Damien,Williams,RB, MIA,52503,2130689,17138,12334,5521,18131,9644,2957,Damien Williams"Jerick McKinnon (RB, MIN)",Jerick,McKinnon,RB, MIN,52443,2129436,16782,12209,5457,18113,9529,2935,Jerick McKinnon"Josh Huff (WR, PHI)",Josh,Huff,WR, PHI,52439,1737474,16779,12132,5418,18236,9460,5261,Josh Huff"Andre Holmes (WR, OAK)",Andre,Holmes,WR, OAK,51932,1724424,14403,11406,5434,13024,7405,5177,Andre Holmes"Duke Johnson (RB, CLE)",Duke,Johnson,RB, CLE,52798,1998316,17658,13939,5569,21581,10084,2997,Duke Johnson"Bilal Powell (RB, NYJ)",Bilal,Powell,RB, NYJ,4352,1265393,14129,9963,5096,11741,7367,2819,Bilal Powell"Gary Barnidge (TE, CLE)",Gary,Barnidge,TE, CLE,1111,522814,11364,9226,4906,12767,5783,4401,Gary Barnidge"Benjamin Watson (TE, NO)",Benjamin,Watson,TE, NO,1080,493107,5557,9040,4865,11798,3872,4292,Ben Watson"Fred Jackson (RB, SEA)",Fred,Jackson,RB, SEA,222,1102782,10195,9220,4981,11696,5065,2520,Fred Jackson"Robert Woods (WR, BUF)",Robert,Woods,WR, BUF,52083,1754280,15880,11610,5420,16566,8628,5217,Robert Woods"Lance Dunbar (RB, DAL)",Lance,Dunbar,RB, DAL,51938,1977147,15369,11441,5210,13875,8086,2880,Lance Dunbar"Troy Niklas (TE, ARI)",Troy,Niklas,TE, ARI,52576,1893206,16797,12151,5509,18353,9292,4605,Troy Niklas"DeVante Parker (WR, MIA)",DeVante,Parker,WR, MIA,52783,1851283,17593,13897,5546,21637,10152,5380,DeVante Parker"Harry Douglas (WR, TEN)",Harry,Douglas,WR, TEN,643,436547,11318,9784,4852,12210,5699,3731,Harry Douglas"Ryan Mallett (QB, HOU)",Ryan,Mallett,QB, HOU,4334,1632241,14037,9864,5023,11649,7243,1401,Ryan Mallett"Marlon Brown (WR, BAL)",Marlon,Brown,WR, BAL,52274,1700701,16581,11930,5328,16599,8936,5226,Marlon Brown"Nate Washington (WR, HOU)",Nate,Washington,WR, HOU,592,553478,9307,9488,4846,12155,4648,3581,Nate Washington"Toby Gerhart (RB, JAC)",Toby,Gerhart,RB, JAC,2183,1117729,13211,9695,4988,11723,6445,2736,Toby Gerhart"Philly Brown (WR, CAR)",Philly,Brown,WR, CAR,52497,2130815,17167,13511,5463,18266,9486,5362,Corey Brown"Branden Oliver (RB, SD)",Branden,Oliver,RB, SD,52601,2132786,17143,13103,5276,18342,9550,2982,Branden Oliver"Chris Polk (RB, HOU)",Chris,Polk,RB, HOU,51860,1631997,14889,11187,5136,13575,8024,2879,Chris Polk"Donte Moncrief (WR, IND)",Donte,Moncrief,WR, IND,52454,1878014,16791,12125,5496,18169,9276,5344,Donte Moncrief"Riley Cooper (WR, PHI)",Riley,Cooper,WR, PHI,3155,1114590,13225,9720,4979,12497,6508,3898,Riley Cooper"Javorius Allen (RB, BAL)",Javorius,Allen,RB, BAL,52797,1851113,17616,13944,5596,21557,10066,5370,Javorius Allen"Luke Willson (TE, SEA)",Luke,Willson,TE, SEA,52184,2057661,16121,11812,5204,16638,8907,4578,Luke Willson"Ricardo Lockette (WR, SEA)",Ricardo,Lockette,WR, SEA,51463,1681620,14280,10090,5310,13070,8014,5144,Ricardo Lockette"Devin Smith (WR, NYJ)",Devin,Smith,WR, NYJ,52795,1871319,17584,13974,5553,21649,10209,5421,Devin Smith"Josh Hill (TE, NO)",Josh,Hill,TE, NO,52369,2060083,16143,13565,5217,16957,9071,4586,Josh Hill"Gavin Escobar (TE, DAL)",Gavin,Escobar,TE, DAL,52088,1691546,15836,11693,5283,16584,8787,4570,Gavin Escobar"Justin Hardy (WR, ATL)",Justin,Hardy,WR, ATL,52792,1762379,17542,13970,5575,21722,10228,5387,Justin Hardy"Johnny Manziel (QB, CLE)",Johnny,Manziel,QB, CLE,52423,1824921,16736,12089,5479,18057,9246,1438,Johnny Manziel"Chris Matthews (WR, SEA)",Chris,Matthews,WR, SEA,52752,1856325,17734,12200,5330,18392,9588,5368,Chris Matthews"Andre Williams (RB, NYG)",Andre,Williams,RB, NYG,52440,1749684,16889,12106,5402,18220,9520,2934,Andre Williams"Scott Chandler (TE, NE)",Scott,Chandler,TE, NE,3136,408163,10572,9852,4832,11822,5303,4376,Scott Chandler"Clay Harbor (TE, JAC)",Clay,Harbor,TE, JAC,2201,1682906,13376,9789,4919,11846,6687,4495,Clay Harbor"Ty Montgomery (WR, GB)",Ty,Montgomery,WR, GB,52803,1851149,17611,13977,5566,21616,10216,5392,Ty Montgomery"Terrance West (RB, TEN)",Terrance,West,RB, TEN,52422,1829652,16783,12194,5481,18049,9282,2929,Terrance West"Christine Michael (RB, DAL)",Christine,Michael,RB, DAL,52103,1700931,15855,11658,5311,16540,8758,2898,Christine Michael"Albert Wilson (WR, KC)",Albert,Wilson,WR, KC,52671,2130201,17182,12338,5426,18311,9491,5339,Albert Wilson"B.J. Daniels (WR, SEA)",B.J.,Daniels,WR, SEA,52251,2057736,15899,11851,5193,18395,8916,1468,B.J. Daniels"Jaelen Strong (WR, HOU)",Jaelen,Strong,WR, HOU,52761,2061051,17709,13906,5572,21659,10023,5383,Jaelen Strong"Sammie Coates (WR, PIT)",Sammie,Coates,WR, PIT,52793,1824794,2574549,13911,5564,21583,10211,5388,Sammie Coates"Ryan Grant (WR, WSH)",Ryan,Grant,WR, WSH,52521,1680086,17179,12260,5242,11683,9462,2580,Ryan Grant"Josh Robinson (RB, IND)",Josh,Robinson,RB, IND,52811,1878033,17622,13952,5621,21662,10194,5398,Josh Robinson"Darrius Heyward-Bey (WR, PIT)",Darrius,Heyward-Bey,WR, PIT,1116,564881,12570,9156,4907,12237,5993,3848,Darrius Heyward-Bey"Phillip Dorsett (WR, IND)",Phillip,Dorsett,WR, IND,52794,1836058,17643,13979,5545,21666,10208,5384,Phillip Dorsett"Daniel Fells (TE, NYG)",Daniel,Fells,TE, NYG,906,433568,10287,9144,4808,11814,5147,4337,Daniel Fells"Jacob Tamme (TE, ATL)",Jacob,Tamme,TE, ATL,1189,421946,11373,9252,4849,11838,5780,4411,Jacob Tamme"Jason Avant (WR, KC)",Jason,Avant,WR, KC,559,405824,9695,9267,4830,12197,4823,3611,Jason Avant"Crockett Gillmore (TE, BAL)",Crockett,Gillmore,TE, BAL,52661,1752548,16775,12234,5365,18031,9555,4636,Crockett Gillmore"Roy Helu (RB, OAK)",Roy,Helu,RB, OAK,4342,1272498,14192,9949,5105,11731,7366,2813,Roy Helu"Corey Fuller (WR, DET)",Corey,Fuller,WR, DET,52194,1763065,16014,11618,5435,18095,8809,5203,Corey Fuller"Matt Spaeth (TE, PIT)",Matt,Spaeth,TE, PIT,937,421347,10521,9447,4834,11820,5304,4371,Matt Spaeth"Brandon Tate (WR, CIN)",Brandon,Tate,WR, CIN,1239,563223,12597,9068,4915,12205,6023,3860,Brandon Tate"Maxx Williams (TE, BAL)",Maxx,Williams,TE, BAL,52791,1983769,17660,13919,5568,21555,10128,4650,Maxx Williams"Tavon Austin (WR, STL)",Tavon,Austin,WR, STL,52055,1700338,15786,11625,5342,16562,8793,5199,Tavon Austin"Louis Murphy (WR, TB)",Louis,Murphy,WR, TB,617,564165,12585,9401,4923,12220,6021,3820,Louis Murphy"Dion Sims (TE, MIA)",Dion,Sims,TE, MIA,52141,1700507,15974,11691,5318,16594,8784,4576,Dion Sims"Rashad Greene (WR, JAC)",Rashad,Greene,WR,JAC,52832,1860750,17601,13972,5597,21670,10212,5391,Rashad Greene"Tyler Lockett (WR, SEA)",Tyler,Lockett,WR,SEA,52807,1860834,17619,13971,5567,21808,10161,5386,Tyler Lockett"Russell Shepard (WR, TB)",Russell,Shepard,WR,TB,52266,2060184,16227,11601,5224,16611,9019,5223,Russell Shepard"Isaiah Pead (RB, STL)",Isaiah,Pead,RB,STL,4472,1621321,14888,11195,5121,13569,8060,2860,Isaiah Pead"Dion Lewis (RB, NE)",Dion,Lewis,RB,NE,4361,1664753,14198,9983,5227,11768,7364,2816,Dion Lewis"Craig Stevens (TE, TEN)",Craig,Stevens,TE,TEN,1313,421599,11319,9137,4823,11816,5777,4424,Craig Stevens"Antonio Andrews (RB, TEN)",Antonio,Andrews,RB,TEN,52707,1776334,17149,12349,5459,18203,9525,2940,Antonio Andrews"Stepfan Taylor (RB, ARI)",Stepfan,Taylor,RB,ARI,52168,1685988,15981,11661,5266,16546,8759,2903,Stepfan Taylor"Marquess Wilson (WR, CHI)",Marquess,Wilson,WR,CHI,52250,1765998,16023,11607,5444,16908,8813,5238,Marquess Wilson"LeGarrette Blount (RB, NE)",LeGarrette,Blount,RB,NE,2222,1620455,13213,9717,5127,11674,6482,2721,LeGarrette Blount"C.J. Spiller (RB, NO)",C.J.,Spiller,RB,NO,2142,1127382,13203,9680,4990,11713,6478,2775,C.J. Spiller"Victor Cruz (WR, NYG)",Victor,Cruz,WR,NYG,3135,1684073,13553,9790,4873,12673,6836,3900,Victor Cruz"Todd Gurley (RB, STL)",Todd,Gurley,RB,STL,52800,2000877,17683,13912,5550,21785,10147,2992,Todd Gurley"Darren Fells (TE, ARI)",Darren,Fells,TE,ARI,52604,2053740,17187,13636,4886,18365,9758,4609,Darren Fells"Matthew McGloin (QB, OAK)",Matthew,McGloin,QB,OAK,52351,2062479,16593,11907,5218,16988,8991,1437,Matt McGloin"Lorenzo Taliaferro (RB, BAL)",Lorenzo,Taliaferro,RB,BAL,52451,2129490,16950,12257,5524,18038,9539,2975,Lorenzo Taliaferro"Marqise Lee (WR, JAC)",Marqise,Lee,WR,JAC,52437,1851123,16787,12120,5483,18189,9453,5256,Marqise Lee"Rishard Matthews (WR, MIA)",Rishard,Matthews,WR,MIA,4523,1762335,15102,11380,5430,13642,8232,5182,Rishard Matthews"Willie Snead (WR, NO)",Willie,Snead,WR,NO,52821,2130155,17184,12904,5470,18053,9284,5287,Willie Snead"Lance Kendricks (TE, STL)",Lance,Kendricks,TE,STL,4324,1117803,14007,9912,4983,11831,7412,4538,Lance Kendricks"Anthony Fasano (TE, TEN)",Anthony,Fasano,TE,TEN,923,410446,9639,9023,4841,11802,4755,4327,Anthony Fasano"Devin Hester (WR, ATL)",Devin,Hester,WR,ATL,577,412717,9643,9191,4838,12226,4724,3593,Devin Hester"Le'Veon Bell (RB, PIT)",Le'Veon,Bell,RB,PIT,52089,1751828,15825,11645,5381,16538,8617,2888,LeVeon Bell"Brandon Weeden (QB, DAL)",Brandon,Weeden,QB,DAL,4464,1272538,14878,11175,5050,13558,8056,1411,Brandon Weeden"Arian Foster (RB, HOU)",Arian,Foster,RB,HOU,1085,518611,12497,9030,4887,11665,6012,2696,Arian Foster"Jimmy Clausen (QB, CHI)",Jimmy,Clausen,QB,CHI,2144,1246081,13198,9679,5018,18081,6388,1350,Jimmy Clausen"Aaron Dobson (WR, NE)",Aaron,Dobson,WR,NE,52100,1701513,15834,11624,5336,16567,8795,5202,Aaron Dobson"Travis Benjamin (WR, CLE)",Travis,Benjamin,WR,CLE,4489,1630448,15062,11214,5190,13630,8111,5173,Travis Benjamin"Leonard Hankerson (WR, ATL)",Leonard,Hankerson,WR,ATL,4336,1272283,14021,9901,5056,12910,7381,5114,Leonard Hankerson"Karlos Williams (RB, BUF)",Karlos,Williams,RB,BUF,52812,1860763,17605,13951,5599,21632,10184,5372,Karlos Williams"Ted Ginn Jr. (WR, CAR)",Ted,Ginn Jr.,WR,CAR,1083,502737,10453,9588,4871,18364,5214,3670,Ted Ginn"Brandon Myers (TE, TB)",Brandon,Myers,TE,TB,1208,1674136,12705,9065,4883,11824,6128,4457,Brandon Myers"Jeremy Langford (RB, CHI)",Jeremy,Langford,RB,CHI,52828,1762313,17505,13946,5574,21594,10186,5371,Jeremy Langford"Miles Austin (WR, PHI)",Miles,Austin,WR,PHI,534,1114610,10147,9480,4845,12150,4890,3610,Miles Austin"Andre Roberts (WR, WSH)",Andre,Roberts,WR,WSH,2135,1687529,13226,9696,4977,12526,6506,3978,Andre Roberts"Jacoby Jones (WR, SD)",Jacoby,Jones,WR,SD,1078,1220258,10517,9253,4978,18027,5229,3678,Jacoby Jones"Breshad Perriman (WR, BAL)",Breshad,Perriman,WR,BAL,52781,1984950,2972460,13975,5548,21551,10069,5379,Breshad Perriman"Ed Dickson (TE, CAR)",Ed,Dickson,TE,CAR,2139,565631,13272,9706,4921,11805,6530,4482,Ed Dickson"Fozzy Whittaker (RB, CAR)",Fozzy,Whittaker,RB,CAR,52292,1245251,15755,11688,5029,16621,8083,2916,Fozzy Whittaker"Jordan Norwood (WR, DEN)",Jordan,Norwood,WR,DEN,3158,565738,12587,9744,4941,12491,6375,3828,Jordan Norwood"Jarryd Hayne (RB, SF)",Jarryd,Hayne,RB,SF,52822,2169687,17745,14004,5139,18775,10154,5401,Jarryd Hayne"Marcedes Lewis (TE, JAC)",Marcedes,Lewis,TE,JAC,904,415313,9614,9413,4825,11792,4891,4324,Marcedes Lewis"Rob Housler (TE, CLE)",Rob,Housler,TE,CLE,4331,1125381,14009,9927,4972,11836,7422,4539,Rob Housler"Virgil Green (TE, DEN)",Virgil,Green,TE,DEN,4376,1130615,14085,10026,4956,11835,7416,4542,Virgil Green"Luke McCown (QB, NO)",Luke,McCown,QB,NO,69,493008,5631,9405,4867,11627,3802,1227,Luke McCown"Mike Davis (RB, SF)",Mike,Davis,RB,SF,52885,2000079,17700,13943,5603,21794,10083,5320,Mike Davis"Lance Moore (WR, DET)",Lance,Moore,WR,DET,622,417185,9400,9381,5796,12213,4717,3604,Lance Moore"Derrick Coleman (RB, SEA)",Derrick,Coleman,RB,SEA,52276,1977109,15351,11995,5158,16604,8247,2909,Derrick Coleman"Derek Carrier (TE, WSH)",Derek,Carrier,TE,WSH,52600,1977121,15403,11417,5518,18380,9203,4599,Derek Carrier"Malcolm Johnson (RB, CLE)",Malcolm,Johnson,RB,CLE,52764,2174190,17524,14091,5584,21577,10480,4663,Malcolm Johnson"Darrel Young (RB, WSH)",Darrel,Young,RB,WSH,3237,1675666,13097,9843,4918,18529,7966,2791,Darrel Young"Bobby Rainey (RB, TB)",Bobby,Rainey,RB,TB,52288,1979420,15501,11407,5102,16606,8413,2863,Bobby Rainey"Jonathan Grimes (RB, HOU)",Jonathan,Grimes,RB,HOU,51942,1979730,15632,11464,5160,13882,8297,2881,Jonathan Grimes"Anthony Dixon (RB, BUF)",Anthony,Dixon,RB,BUF,2213,1116464,13212,9697,4985,12094,6484,2730,Anthony Dixon"Michael Vick (QB, PIT)",Michael,Vick,QB,PIT,49,235253,2549,9465,5887,11602,2193,1155,Michael Vick"Julius Thomas (TE, JAC)",Julius,Thomas,TE,JAC,4353,1755056,14204,9966,5396,11821,7415,4534,Julius Thomas"Chris Owusu (WR, NYJ)",Chris,Owusu,WR,NYJ,51947,1631918,15230,11218,5154,13995,8109,5187,Chris Owusu"Zac Stacy (RB, NYJ)",Zac,Stacy,RB,NYJ,52186,1664982,15996,11648,5271,16550,8770,2902,Zac Stacy"Bennie Fowler (WR, DEN)",Bennie,Fowler,WR,DEN,52920,2130161,16995,13081,5317,18298,9353,5353,Bennie Fowler"Theo Riddick (RB, DET)",Theo,Riddick,RB,DET,52218,1691614,15994,11649,5298,16555,8763,2907,Theo Riddick"Jay Prosch (RB, HOU)",Jay,Prosch,RB,HOU,52457,1751796,17191,12299,5380,18525,9774,2980,Jay Prosch"Rhett Ellison (TE, MIN)",Rhett,Ellison,TE,MIN,4501,1244464,15003,11315,5060,13658,8114,4554,Rhett Ellison"Martavis Bryant (WR, PIT)",Martavis,Bryant,WR,PIT,52453,1737158,16886,12136,5484,18067,9456,5367,Martavis Bryant"Antonio Gates (TE, SD)",Antonio,Gates,TE,SD,884,396811,5362,9027,4858,11783,3172,4270,Antonio Gates"Thomas Rawls (RB, SEA)",Thomas,Rawls,RB,SEA,52834,1865647,17739,14403,5657,21809,10185,5402,Thomas Rawls"Dontrelle Inman (WR, SD)",Dontrelle,Inman,WR,SD,52735,1272256,17136,13105,5066,18343,7659,5097,Dontrelle Inman"Chris Conley (WR, KC)",Chris,Conley,WR,KC,52923,1824756,17638,14151,5562,21755,10210,5385,Chris Conley"Keith Mumphery (WR, HOU)",Keith,Mumphery,WR,HOU,52829,1762315,17507,14126,5589,21658,10472,5407,Keith Mumphery"Jamison Crowder (WR, WSH)",Jamison,Crowder,WR,WSH,52808,1850749,17600,13976,5576,21710,10224,5410,Jamison Crowder"Dexter McCluster (RB, TEN)",Dexter,McCluster,RB,TEN,2179,1137461,13207,9688,5006,12631,6480,3953,Dexter McCluster"Nick Williams (WR, ATL)",Nick,Williams,WR,ATL,52386,2058366,16345,11843,5321,18768,9037,5247,Nick Williams"Matt Cassel (QB, DAL)",Matt,Cassel,QB,DAL,45,552470,8644,9435,4792,11622,4574,1241,Matt Cassel"James O'Shaughnessy (TE, KC)",James,O'Shaughnessy,TE,KC,52830,2174148,17441,14146,5581,21751,10249,4664,James Oshaughnessy"Terron Ward (RB, ATL)",Terron,Ward,RB,ATL,52890,2174991,17744,14407,5685,21721,10596,5375,Terron Ward"Tony Moeaki (TE, ATL)",Tony,Moeaki,TE,ATL,2180,563070,13289,9724,4909,12745,6685,4506,Tony Moeaki"Jermaine Gresham (TE, ARI)",Jermaine,Gresham,TE,ARI,2154,1123667,13228,9685,5839,11807,6455,4493,Jermaine Gresham"Jerome Felton (RB, BUF)",Jerome,Felton,RB,BUF,1127,1249642,11369,9294,4876,18523,5784,2624,Jerome Felton"De'Anthony Thomas (RB, KC)",De'Anthony,Thomas,RB,KC,52648,1880868,16945,12107,5502,18317,9274,2958,DeAnthony Thomas"Chris Gragg (TE, BUF)",Chris,Gragg,TE,BUF,52238,1632236,15940,11698,5198,17007,8788,4571,Chris Gragg"John Kuhn (RB, GB)",John,Kuhn,RB,GB,1110,553458,9530,9310,4910,18521,5160,2549,John Kuhn"Levine Toilolo (TE, ATL)",Levine,Toilolo,TE,ATL,52161,1685990,15980,11694,5267,16631,8789,4577,Levine Toilolo"Brice Butler (WR, DAL)",Brice,Butler,WR,DAL,52227,2057699,15896,11837,5144,16601,8912,5219,Brice Butler"Matt Hasselbeck (QB, IND)",Matt,Hasselbeck,QB,IND,42,12429,1575,9439,4783,11625,949,1060,Matt Hasselbeck"Dan Herron (RB, BUF)",Dan,Herron,RB,BUF,4517,1243803,15041,11358,5051,14053,8074,2855,Dan Herron"Chandler Worthy (WR, HOU)",Chandler,Worthy,WR,HOU,52883,2175032,2581319,14269,5724,21655,10500,5418,Chandler Worthy"Cameron Meredith (WR, CHI)",Cameron,Meredith,WR,CHI,52887,2174833,17750,14352,5649,21596,10533,5417,Cameron Meredith"Brandon Pettigrew (TE, DET)",Brandon,Pettigrew,TE,DET,917,517620,12549,9066,4875,11800,6032,4462,Brandon Pettigrew"Josh Bellamy (WR, CHI)",Josh,Bellamy,WR,CHI,51959,1979372,15555,11575,5405,14040,8369,5191,Josh Bellamy"Garrett Celek (TE, SF)",Garrett,Celek,TE,SF,51935,1975891,15204,11507,5097,13660,8516,4564,Garrett Celek"Marcus Easley (WR, BUF)",Marcus,Easley,WR,BUF,2963,1277467,13224,9718,5031,12257,6519,3906,Marcus Easley"Marquise Goodwin (WR, BUF)",Marquise,Goodwin,WR,BUF,52115,1691489,15839,11599,5281,16570,8807,5205,Marquise Goodwin"Zach Zenner (RB, DET)",Zach,Zenner,RB,DET,52835,1825662,17741,14185,5712,21603,10188,5397,Zach Zenner"Taiwan Jones (RB, OAK)",Taiwan,Jones,RB,OAK,4351,1682469,14167,9962,5043,12959,7324,2820,Taiwan Jones"Anthony Sherman (RB, KC)",Anthony,Sherman,RB,KC,4449,1277500,14135,9972,5083,16608,7560,2822,Anthony Sherman"Michael Hoomanawanui (TE, NO)",Michael,Hoomanawanui,TE,NO,3211,1115114,13387,9740,4995,11813,6535,4499,Michael Hoomanawanui"Dri Archer (RB, PIT)",Dri,Archer,RB,PIT,52452,1691326,16755,12232,5277,18069,9474,5271,Dri Archer"E.J. Manuel (QB, BUF)",E.J.,Manuel,QB,BUF,52061,1672655,15803,11683,5162,18123,8749,1421,EJ Manuel"Charcandrick West (RB, KC)",Charcandrick,West,RB,KC,52728,2130200,17384,13729,5532,18322,9891,2987,Charcandrick West"Ahmad Bradshaw (RB, IND)",Ahmad,Bradshaw,RB,IND,218,520778,10693,9007,5834,11684,5267,2535,Ahmad Bradshaw"Chris Thompson (RB, WSH)",Chris,Thompson,RB,WSH,52181,1273546,15966,11651,5302,16549,8773,2915,Chris Thompson"Matt Asiata (RB, MIN)",Matt,Asiata,RB,MIN,51913,1245626,14360,11498,5040,13605,7666,2873,Matt Asiata"Juwan Thompson (RB, DEN)",Juwan,Thompson,RB,DEN,52652,2130165,17140,13082,5421,18299,9837,2965,Juwan Thompson"Tim Wright (TE, DET)",Tim,Wright,TE,DET,52306,2059251,16285,11997,5192,18286,9136,4591,Timothy Wright"Robert Turbin (RB, CLE)",Robert,Turbin,RB,CLE,4492,1272825,14894,11191,5094,13571,8028,2867,Robert Turbin"C.J. Fiedorowicz (TE, HOU)",C.J.,Fiedorowicz,TE,HOU,52491,1737104,16766,12146,5404,18164,9269,4640,C.J. Fiedorowicz"Zach Mettenberger (QB, TEN)",Zach,Mettenberger,QB,TEN,52627,1664450,16814,12093,5235,18201,9217,1440,Zach Mettenberger"Landry Jones (QB, PIT)",Landry,Jones,QB,PIT,52146,1630853,15904,11681,5117,18063,8748,1430,Landry Jones"Stefon Diggs (WR, MIN)",Stefon,Diggs,WR,MIN,52804,2000038,17676,13981,5604,21625,10133,5424,Stefon Diggs"Stevan Ridley (RB, NYJ)",Stevan,Ridley,RB,NYJ,4333,1244982,14028,9928,5032,11729,7361,2829,Stevan Ridley"Chris Hogan (WR, BUF)",Chris,Hogan,WR,BUF,52332,1891917,14402,11477,5461,16612,8469,5167,Chris Hogan"Keshawn Martin (WR, NE)",Keshawn,Martin,WR,NE,4498,1631009,14916,11312,5183,13608,8216,5155,Keshawn Martin"Jerome Simpson (WR, SF)",Jerome,Simpson,WR,SF,1316,1272073,11280,9296,4896,12373,5683,3744,Jerome Simpson"Dwayne Harris (WR, NYG)",Dwayne,Harris,WR,NYG,4368,1245905,14100,10004,4969,12900,7385,5130,Dwayne Harris"Jonas Gray (RB, MIA)",Jonas,Gray,RB,MIA,52667,1633112,15364,11894,5215,18140,8079,2953,Jonas Gray